months_old,km,fuel_type,horsepower,metcolor,automatic,size_engine,doors_num,weight,price
73,97494,Petrol,110,1,0,1600,5,1085,10950
48,89049,Petrol,97,1,0,1400,5,1060,13500
40,161000,Diesel,69,1,0,1900,3,1105,13950
37,38812,Petrol,97,0,0,1400,3,1025,13450
55,33230,Petrol,110,0,0,1600,3,1050,13500
44,39516,Petrol,97,1,0,1400,5,1060,15950
68,84976,Petrol,110,1,0,1600,4,1035,11250
66,47237,Petrol,110,0,0,1600,3,1050,11500
61,50173,Petrol,110,1,0,1600,5,1075,11750
75,125400,Petrol,110,0,0,1600,3,1050,9900
74,96302,Petrol,86,1,0,1300,3,1015,8495
6,3000,Petrol,110,0,0,1600,5,1130,24500
65,80000,Petrol,86,1,0,1300,2,1015,10250
19,21684,Petrol,192,1,0,1800,5,1185,25950
53,143513,Diesel,69,0,0,1900,5,1140,12250
23,10000,Petrol,97,1,0,1400,3,1100,16950
56,31000,Petrol,97,0,0,1400,3,1025,10950
41,28571,Petrol,110,0,0,1600,5,1090,16950
63,57000,Petrol,110,1,0,1600,3,1050,11950
44,44218,Petrol,97,1,0,1400,5,1060,13895
28,8537,Petrol,110,1,0,1600,5,1130,19450
59,86888,Petrol,110,1,0,1600,3,1050,10900
75,63634,Petrol,110,1,0,1600,4,1035,10750
8,5000,Petrol,110,1,0,1600,5,1130,23950
71,74000,Petrol,110,0,0,1600,3,1050,9750
79,60142,Petrol,110,0,0,1600,3,1050,11450
14,40010,Petrol,110,1,0,1600,5,1115,18350
49,74656,Diesel,69,0,0,1900,3,1105,12995
41,33000,Petrol,110,1,1,1600,5,1075,13000
68,101889,Petrol,110,1,0,1600,5,1075,10750
57,40214,Petrol,86,0,0,1300,3,1025,12950
44,71793,CNG,110,1,0,1600,4,1067,16950
77,60000,Petrol,110,1,0,1600,3,1050,10400
53,57948,Petrol,97,1,0,1400,3,1025,11950
15,20270,Petrol,110,1,0,1600,5,1130,20950
71,82700,Petrol,110,0,0,1600,3,1050,9950
79,93039,Petrol,110,1,0,1600,3,1050,10950
63,64690,Petrol,86,0,0,1300,3,1020,11750
68,194545,Petrol,86,0,0,1300,4,1000,7950
65,47014,Petrol,86,1,0,1300,3,1015,10950
39,53644,Petrol,110,1,0,1600,5,1075,11940
44,36066,Petrol,110,1,0,1600,3,1040,13250
73,107108,Petrol,110,1,0,1600,3,1050,9950
38,26000,Petrol,97,1,0,1400,5,1060,14500
67,149000,Diesel,90,1,0,2000,5,1135,8250
77,200732,Diesel,72,1,0,2000,4,1100,8750
61,75609,Petrol,86,1,0,1300,3,1015,10950
68,26698,Petrol,110,0,0,1600,3,1055,12500
50,73634,Petrol,110,0,0,1587,5,1075,12500
62,90000,Petrol,110,0,0,1600,3,1050,10490
62,75000,Petrol,110,1,0,1600,5,1070,10950
79,89739,Petrol,86,1,0,1300,5,1035,10750
28,44142,Petrol,110,0,0,1600,3,1120,18950
76,36537,Petrol,110,0,1,1600,4,1075,10150
61,97425,Petrol,110,1,0,1600,5,1075,11950
78,72222,Petrol,110,1,0,1600,5,1070,9950
67,135337,CNG,110,1,0,1600,5,1120,9950
62,125175,Diesel,116,0,0,2000,5,1150,10950
70,61510,Petrol,110,0,0,1600,4,1035,9450
30,57086,Petrol,97,1,0,1400,5,1110,17750
62,39000,Petrol,110,1,0,1600,5,1075,12250
64,34114,Petrol,110,0,0,1600,3,1050,11750
42,27141,Petrol,97,1,0,1400,5,1060,11950
39,50873,Petrol,110,1,0,1600,5,1075,14495
42,29640,Petrol,110,0,0,1600,3,1055,16950
68,62292,Petrol,110,1,0,1600,3,1065,11750
77,90305,Petrol,86,1,0,1300,3,1015,8950
61,50925,Petrol,110,1,0,1600,5,1070,10895
33,62000,Petrol,110,1,0,1600,5,1075,14950
77,170000,Diesel,72,0,0,2000,4,1100,10500
76,134889,Diesel,72,1,0,2000,3,1115,10600
50,83106,Petrol,110,1,0,1600,5,1075,14950
58,51421,Petrol,110,0,1,1600,5,1105,12950
61,60532,Petrol,110,1,0,1600,3,1050,10950
64,82723,Petrol,86,0,0,1300,3,1015,10250
47,69000,Diesel,69,1,0,1900,5,1140,10750
74,100732,Petrol,86,1,1,1300,4,1030,10050
68,104299,Petrol,110,1,0,1600,5,1085,10495
68,109150,Petrol,110,0,0,1600,5,1075,11500
53,47451,Petrol,110,1,0,1600,3,1055,14950
78,100487,Petrol,110,0,0,1600,4,1035,9750
68,117000,Diesel,72,0,0,2000,3,1115,8950
59,154783,Diesel,72,1,0,2000,3,1120,9750
27,32809,Petrol,97,1,0,1400,5,1110,19950
29,43905,Petrol,110,0,1,1600,3,1170,18950
57,61682,Petrol,110,0,0,1600,3,1050,12950
54,71276,Petrol,110,0,0,1600,5,1080,12950
54,103454,Petrol,110,1,0,1600,5,1075,11950
7,6250,Petrol,110,1,0,1600,5,1115,21950
55,56743,Petrol,110,0,0,1600,3,1045,11990
71,120474,Diesel,72,1,0,2000,3,1115,10250
66,120000,Diesel,72,0,0,2000,4,1100,11950
75,82256,Petrol,110,1,0,1600,3,1050,9750
44,158320,Diesel,69,0,0,1800,5,1110,6350
75,48400,Petrol,110,1,0,1600,5,1075,10950
51,17069,Petrol,97,1,0,1400,3,1025,12600
67,49585,Petrol,110,0,0,1600,5,1085,11900
61,52112,Petrol,110,1,0,1600,4,1035,10900
80,70939,Petrol,110,1,1,1600,5,1100,8900
14,6500,Petrol,110,1,0,1600,4,1100,21500
43,25228,Petrol,110,1,0,1600,3,1045,16950
65,63000,Petrol,86,1,1,1300,5,1065,11950
2,15,Petrol,110,1,0,1600,5,1130,23500
75,57144,Petrol,110,1,0,1600,5,1070,9950
8,7000,Petrol,110,0,0,1600,5,1115,20950
40,96518,Petrol,97,1,0,1400,3,1025,13250
67,95750,Petrol,110,1,0,1600,5,1070,11250
78,115000,Petrol,107,1,1,1600,5,1100,8500
75,69388,Petrol,86,0,0,1300,3,1010,9950
68,86714,Petrol,110,1,0,1600,4,1035,10950
64,41200,Petrol,110,0,0,1600,5,1070,11900
67,42102,Petrol,110,1,0,1600,5,1075,11950
41,84312,Petrol,110,0,0,1600,5,1080,13450
24,25563,Petrol,110,0,0,1600,3,1065,18750
70,57829,Petrol,110,0,0,1600,3,1050,11750
69,89096,Petrol,110,1,0,1600,5,1085,11200
58,30634,Petrol,110,1,0,1600,5,1075,12450
20,23000,Petrol,110,1,0,1600,5,1130,21900
50,61672,Petrol,110,0,0,1600,5,1075,12750
30,38950,Petrol,110,1,0,1600,5,1130,17999
66,36658,Petrol,110,0,0,1600,3,1050,11950
52,58596,Petrol,110,1,0,1600,3,1045,13250
62,83908,Petrol,110,1,0,1600,5,1070,10750
47,26221,Petrol,97,1,0,1400,3,1025,11950
43,55539,Petrol,110,1,0,1600,5,1085,15500
79,218118,Diesel,72,0,0,2000,5,1150,8950
52,41700,Petrol,97,1,0,1400,3,1025,12750
72,26000,Petrol,86,0,0,1300,3,1015,10450
65,95000,Petrol,110,1,0,1600,3,1050,9999
60,115191,CNG,110,1,0,1600,4,1079,11450
79,40093,Petrol,110,0,0,1600,5,1114,10950
71,64000,Petrol,110,1,0,1600,5,1070,8999
67,77821,Petrol,110,1,0,1600,5,1075,12950
32,29198,Petrol,97,1,0,1400,5,1060,14995
67,113118,Petrol,86,1,0,1300,3,1020,11950
16,13000,Petrol,110,1,0,1600,4,1105,21500
78,159968,Diesel,72,0,0,2000,3,1115,8950
54,115046,Diesel,69,1,0,1900,5,1140,12500
80,84000,Petrol,110,0,0,1600,5,1075,8950
75,43720,Petrol,110,1,0,1600,5,1070,9900
51,58761,Petrol,97,0,0,1300,5,1060,13750
59,46929,Petrol,86,1,0,1300,3,1025,11900
39,55678,Petrol,110,1,0,1600,4,1030,14900
12,13634,Petrol,110,1,0,1600,5,1115,21500
33,48928,Diesel,69,1,0,1900,3,1105,15500
61,136956,Petrol,110,0,0,1600,3,1065,10750
49,31999,Petrol,97,0,0,1400,3,1030,13930
41,24475,Petrol,110,1,0,1600,5,1030,16350
11,6155,Petrol,97,1,0,1400,5,1110,19650
65,84558,Petrol,110,1,0,1600,5,1120,12950
20,32627,Petrol,97,1,0,1400,5,1110,18250
24,21716,Petrol,110,1,0,1600,3,1105,19950
40,50640,Petrol,110,1,0,1600,5,1075,14750
20,22588,Petrol,97,1,0,1400,5,1110,18450
68,66550,Petrol,86,0,0,1332,3,1010,10800
42,105699,Petrol,97,1,0,1400,3,1025,11950
80,92830,Petrol,86,1,0,1300,3,1015,8250
50,50400,Petrol,110,0,0,1600,5,1080,13450
55,97234,Petrol,110,0,0,1600,5,1080,11950
78,30964,Petrol,110,0,1,1600,3,1080,11950
75,69320,Petrol,110,1,0,1600,5,1070,11950
63,36923,Petrol,86,0,0,1300,5,1050,11950
54,61000,Diesel,69,0,0,2000,5,1140,10950
40,17051,Petrol,97,0,0,1400,5,1060,13950
65,74179,Petrol,110,1,0,1600,3,1050,10250
78,91399,Petrol,110,1,0,1600,5,1070,9950
78,95909,Petrol,110,1,0,1600,5,1070,8650
33,28715,Petrol,110,1,0,1600,5,1075,14950
50,54465,Petrol,110,0,0,1600,5,1075,12500
44,52084,Petrol,97,1,0,1400,3,1025,13750
74,123077,Petrol,86,1,0,1300,3,1015,9950
48,36005,Petrol,97,1,0,1400,5,1065,12750
65,65513,Petrol,110,1,1,1600,4,1070,11950
62,85000,Petrol,110,1,0,1600,3,1050,12450
79,100719,Petrol,110,0,0,1600,5,1070,11500
73,88186,Diesel,72,1,0,2000,3,1115,8950
50,126110,Petrol,110,0,0,1600,3,1055,11950
43,43632,Petrol,110,1,0,1600,5,1075,14950
40,16325,Petrol,110,1,0,1600,5,1080,14950
35,21904,Petrol,97,0,0,1400,3,1025,12950
58,34000,Petrol,110,0,0,1600,5,1075,13950
70,73014,Petrol,110,1,0,1600,5,1075,10950
13,29371,Petrol,110,1,0,1600,4,1105,17950
80,74196,Petrol,110,0,0,1600,5,1075,11000
52,135258,Diesel,69,1,0,1900,5,1140,10250
55,63000,Petrol,110,0,0,1600,4,1035,13500
68,74889,Petrol,86,1,0,1300,3,1015,9950
80,57787,Petrol,86,0,0,1300,3,1015,10250
78,130000,Petrol,86,0,0,1300,5,1015,8500
65,114383,Diesel,90,0,0,2000,3,1260,8950
54,46230,Petrol,110,1,0,1600,3,1055,14450
22,62636,Diesel,90,1,0,2000,5,1255,19950
59,61166,Petrol,110,1,0,1600,3,1050,12500
41,47350,Petrol,110,1,0,1600,5,1075,13480
38,26262,Petrol,110,1,0,1600,5,1075,14450
23,72937,Diesel,90,1,0,2000,3,1165,15750
80,74785,Petrol,110,1,0,1600,5,1070,9145
64,70116,Petrol,110,1,0,1600,4,1035,10450
20,63000,Diesel,90,1,0,2000,5,1255,21250
57,31307,Petrol,110,1,0,1600,5,1070,11900
75,101159,Petrol,110,1,0,1600,5,1085,10450
71,48576,Petrol,86,1,0,1300,3,1015,9500
38,41754,Petrol,110,0,0,1600,3,1040,12950
74,137741,Diesel,90,1,0,2000,5,1135,9950
65,85889,Petrol,110,0,0,1600,3,1065,13500
73,97085,Petrol,110,1,0,1600,5,1085,10900
66,39144,Petrol,110,1,0,1600,3,1050,10250
75,83850,Petrol,110,1,0,1600,3,1055,10700
80,100458,Petrol,110,0,0,1600,5,1085,10500
13,25170,Petrol,110,1,0,1600,5,1105,18250
64,106784,Petrol,110,0,1,1600,3,1050,11750
77,90000,Petrol,86,1,0,1300,3,1015,8750
75,123104,Petrol,110,1,0,1600,5,1070,8650
8,6000,Diesel,90,1,0,2000,5,1280,26990
55,117175,Petrol,110,1,0,1600,4,1035,12500
38,58363,Petrol,110,1,0,1600,3,1055,14450
20,23175,Petrol,110,1,0,1600,3,1120,20990
79,81988,Petrol,110,1,0,1600,5,1070,9495
74,203254,Diesel,72,1,0,2000,3,1135,6400
64,65000,Petrol,110,1,0,1600,3,1050,9800
46,53700,Petrol,97,1,0,1400,5,1060,12900
52,36000,Petrol,110,1,0,1600,5,1075,12950
58,69022,Petrol,86,1,0,1300,5,1035,8950
47,5309,Petrol,110,1,1,1600,3,1070,13250
17,33740,Petrol,97,1,0,1400,5,1135,19950
14,5278,Petrol,110,1,1,1600,4,1150,22950
59,113700,Petrol,110,1,0,1600,5,1065,10250
69,97000,Petrol,110,0,0,1600,4,1035,9950
33,42823,Petrol,110,1,0,1600,5,1075,14295
57,101791,Diesel,72,0,0,2000,3,1115,10250
39,43254,Petrol,110,1,0,1600,5,1075,15875
50,17619,Petrol,110,0,0,1600,4,1030,12450
75,101855,Petrol,110,1,0,1600,5,1070,8450
73,52000,Petrol,110,1,1,1600,4,1065,10500
62,25505,Petrol,86,1,0,1300,5,1035,10950
58,43000,CNG,110,1,1,1600,4,1114,9950
56,62751,Petrol,110,0,0,1600,3,1050,11900
39,24723,Petrol,110,1,1,1600,4,1060,14695
63,46000,Petrol,86,0,0,1300,5,1035,10900
74,130025,Petrol,110,1,0,1600,3,1050,9250
48,26938,Petrol,110,1,0,1600,3,1040,12950
4,1,Diesel,116,0,0,2000,5,1480,34500
68,125000,Diesel,72,1,0,2000,3,1115,10750
56,129155,Diesel,69,0,0,1800,5,1110,6450
26,43000,Petrol,97,0,0,1400,5,1110,17250
68,58860,Petrol,110,1,0,1600,3,1055,11750
11,14635,Petrol,110,1,1,1600,3,1155,21450
28,30993,Petrol,110,1,0,1600,5,1130,20950
49,41636,Petrol,110,1,0,1600,5,1105,14950
62,56209,Petrol,107,1,1,1600,3,1080,12950
78,47400,Petrol,86,1,0,1300,5,1040,12500
42,37000,Petrol,97,1,0,1400,3,1025,11900
80,92096,Petrol,86,1,0,1300,5,1035,9300
44,59000,Petrol,110,0,1,1600,5,1110,15950
56,46500,Petrol,86,0,0,1300,5,1035,12950
59,50469,Petrol,110,1,0,1600,5,1070,10750
68,115071,Petrol,110,1,0,1600,3,1055,9950
80,87000,Petrol,86,1,0,1300,3,1015,10250
15,13157,Petrol,97,1,0,1400,4,1085,18868
78,36000,Petrol,110,1,0,1600,3,1050,9600
78,90011,Petrol,86,0,1,1300,3,1045,9950
55,69813,Petrol,97,1,0,1400,3,1025,11500
68,77695,Petrol,110,1,0,1600,4,1035,11750
27,44068,Petrol,97,1,0,1400,3,1100,18750
78,69000,Petrol,110,1,0,1600,5,1075,11250
54,62519,Petrol,97,0,0,1400,3,1025,11500
79,75322,Petrol,110,1,0,1600,4,1115,9995
78,75323,Petrol,86,1,0,1300,5,1050,10450
33,51945,Petrol,110,1,0,1600,5,1075,15450
64,118000,Diesel,72,1,0,2000,5,1150,11950
40,32532,Petrol,110,1,0,1600,3,1040,13750
41,61200,Petrol,110,1,0,1600,3,1045,14900
78,67255,Petrol,110,0,0,1600,5,1085,10500
68,61568,Petrol,110,1,0,1600,4,1035,11795
57,28000,Petrol,86,0,0,1300,3,1015,12000
52,31000,Petrol,97,0,0,1398,3,1025,10950
66,63881,Petrol,86,0,0,1300,3,1015,11500
39,46821,Petrol,97,1,0,1400,5,1060,15450
44,110000,Diesel,69,1,0,1900,5,1095,13900
68,65400,Petrol,86,1,0,1300,4,1000,10100
63,59000,Petrol,86,1,0,1300,5,1035,11950
69,146304,Diesel,72,1,0,2000,3,1115,8900
47,78785,CNG,110,1,0,1600,5,1119,13500
33,57269,Petrol,110,1,0,1600,5,1075,13690
58,54000,Petrol,86,0,0,1300,5,1035,9350
11,24500,Petrol,110,1,0,1600,3,1120,20750
38,60829,Petrol,110,1,0,1600,5,1075,13650
67,83560,Petrol,86,0,0,1300,3,1015,10750
25,25000,Petrol,97,0,0,1400,3,1100,17950
63,45000,Petrol,110,1,0,1600,4,1035,11450
68,66785,Petrol,86,0,1,1300,3,1045,12400
68,83000,Petrol,107,1,1,1600,5,1100,11800
68,110287,Petrol,110,1,0,1600,3,1050,11500
72,60483,Petrol,110,1,0,1600,5,1075,10500
13,57037,Petrol,110,0,0,1600,5,1115,20950
49,107859,Petrol,97,0,0,1400,5,1060,12950
74,56132,Petrol,110,0,0,1600,4,1035,9750
65,45549,Petrol,86,1,0,1300,3,1015,10750
43,10000,Petrol,97,1,0,1400,5,1060,15500
70,81663,Petrol,110,0,0,1600,3,1050,8950
60,70954,Petrol,110,0,0,1600,3,1050,10950
77,126000,Petrol,110,1,0,1600,5,1050,9900
50,62280,Petrol,97,1,0,1400,5,1060,12500
40,36566,Petrol,110,0,0,1600,5,1090,13990
71,29000,Petrol,86,1,1,1300,3,1045,10950
80,64000,Petrol,110,0,0,1600,3,1055,10950
64,73376,Petrol,110,0,0,1600,5,1070,12950
48,43120,Petrol,97,1,0,1400,3,1030,14500
37,39757,Petrol,110,1,0,1600,5,1075,14750
65,55000,Petrol,86,1,0,1300,3,1015,10950
50,102030,Petrol,97,1,0,1400,5,1060,11950
80,23000,Petrol,86,0,0,1300,3,1015,10450
59,112827,Petrol,86,1,0,1300,5,1040,10250
48,35142,Petrol,110,0,0,1600,3,1055,13710
55,58377,Petrol,110,1,0,1600,3,1050,12950
57,118833,Petrol,110,0,0,1600,3,1065,12950
57,43000,Petrol,110,0,0,1600,5,1075,11695
38,37320,Petrol,97,1,0,1400,3,1025,12950
44,49332,Petrol,110,1,0,1600,5,1080,14495
63,44944,Petrol,110,1,0,1600,4,1035,10250
55,29650,Petrol,86,0,0,1300,3,1025,11950
54,75231,Petrol,110,1,0,1600,5,1080,13950
58,61343,Petrol,110,1,0,1600,5,1075,11950
51,50000,Petrol,86,1,0,1300,5,1045,13950
67,67762,Petrol,110,1,0,1600,3,1065,11750
78,120000,Petrol,110,0,0,1600,5,1075,9750
65,80439,Petrol,110,1,0,1600,4,1035,10450
51,53268,Petrol,110,1,0,1600,5,1080,15950
69,156204,Diesel,72,1,0,2000,3,1115,10950
59,76162,Petrol,110,1,0,1600,5,1075,10950
62,105000,Petrol,86,0,0,1300,5,1040,10500
1,1,Petrol,98,1,0,1400,4,1100,19795
39,50000,Petrol,97,1,0,1400,5,1060,14000
54,49366,Petrol,97,1,0,1400,3,1025,11950
57,72000,Petrol,86,0,0,1300,3,1015,9950
41,81106,Diesel,69,1,0,1900,5,1140,15250
78,71186,Petrol,110,0,0,1600,3,1050,9500
64,74193,Petrol,110,0,0,1600,3,1050,11950
80,58000,Petrol,110,0,0,1600,3,1055,10950
61,102106,Petrol,110,0,0,1600,3,1050,9950
56,43700,Petrol,86,1,0,1300,3,1025,12750
75,57537,Petrol,86,1,0,1300,5,1050,10950
46,69574,Petrol,97,0,0,1400,5,1065,12750
61,123000,Diesel,72,0,0,2000,5,1135,12500
51,59000,Petrol,97,1,0,1400,3,1025,11799
44,89757,Petrol,110,1,0,1600,3,1045,13500
79,55425,Petrol,110,0,0,1600,5,1075,11950
76,1,Petrol,110,0,0,1600,5,1114,8950
55,52141,Petrol,110,1,0,1600,5,1070,13950
75,58341,Petrol,86,1,1,1300,4,1030,9950
72,75840,Petrol,86,0,0,1300,5,1035,9950
63,70908,Petrol,86,0,0,1300,5,1035,11450
52,46029,Petrol,110,1,0,1600,4,1030,12500
68,64950,Petrol,110,1,0,1600,5,1075,11950
78,75226,Petrol,110,0,0,1600,4,1035,10750
71,17016,Petrol,86,0,0,1300,3,1015,10500
48,119742,Petrol,110,1,0,1600,5,1080,11000
68,74875,Petrol,110,0,0,1600,5,1070,9750
63,115000,CNG,110,0,0,1600,3,1109,11450
55,94122,Petrol,86,1,0,1300,3,1015,10950
31,64982,Petrol,192,1,0,1800,5,1195,23950
64,73300,Petrol,86,1,0,1300,3,1015,10900
79,99397,Petrol,86,0,0,1300,5,1035,8425
70,47955,Petrol,110,1,0,1600,5,1070,9450
38,67805,Petrol,110,1,0,1600,5,1075,14950
47,46391,Petrol,110,0,0,1600,5,1075,12950
74,66718,Petrol,110,1,0,1600,3,1050,10500
49,97600,Petrol,110,1,0,1600,3,1045,12900
78,52287,Petrol,110,0,0,1600,5,1114,9450
65,93408,Petrol,86,0,0,1300,3,1015,10450
52,47689,Petrol,110,0,0,1600,5,1075,13895
62,47750,Petrol,86,1,0,1300,5,1040,12500
25,20019,Petrol,110,1,1,1600,5,1180,20950
27,49866,Petrol,192,1,0,1800,5,1195,23950
9,1,Petrol,98,1,0,1400,4,1065,19795
68,57565,Petrol,86,1,0,1300,5,1035,9950
60,64914,Petrol,110,1,0,1600,5,1070,10500
68,53000,Petrol,86,0,0,1300,3,1015,9750
43,48000,Petrol,110,1,0,1600,5,1075,15500
68,75000,Petrol,110,1,0,1600,5,1075,11900
79,61165,Petrol,107,1,1,1600,3,1080,11000
30,75889,Diesel,90,1,0,2000,3,1245,20600
68,30300,Petrol,86,1,0,1300,4,1000,11450
41,30989,Petrol,110,0,0,1600,3,1045,14200
73,56307,Petrol,110,1,0,1600,3,1050,10750
16,20105,Petrol,97,0,0,1400,5,1110,18450
74,68285,Petrol,110,1,0,1600,3,1050,7950
64,89145,Petrol,86,1,0,1300,3,1025,11750
40,130062,Diesel,69,1,0,1900,5,1140,13750
69,58952,Petrol,110,1,0,1600,3,1050,8900
61,54125,Petrol,110,1,0,1600,5,1035,11450
49,74494,Petrol,110,1,0,1600,5,1075,10900
58,62024,Petrol,110,1,0,1600,5,1075,11950
79,86000,Petrol,86,1,0,1300,5,1040,10750
53,90200,Petrol,97,0,0,1400,3,1025,10950
44,60500,Petrol,110,0,0,1600,5,1075,12950
80,52700,Petrol,110,0,0,1600,3,1050,10250
78,180378,Diesel,72,1,0,2000,4,1100,10750
73,84988,Petrol,110,1,0,1600,3,1050,10500
57,55000,Petrol,110,0,0,1600,5,1075,12950
7,2000,Petrol,110,0,0,1600,5,1075,20500
48,75045,Petrol,110,1,0,1600,3,1055,13750
4,4000,Diesel,116,1,0,2000,5,1480,33000
19,50005,Diesel,110,1,0,2000,3,1265,23950
45,174000,Diesel,69,1,0,1900,5,1095,10900
80,63500,Petrol,110,1,0,1600,3,1050,9499
78,89953,Petrol,110,0,0,1600,5,1114,9500
68,119500,Petrol,110,1,0,1600,5,1070,10950
26,43000,Petrol,97,0,0,1400,3,1100,17750
73,134539,Petrol,110,0,0,1600,5,1070,9750
65,80153,Petrol,110,0,0,1600,5,1070,11950
62,80265,Petrol,86,0,0,1300,3,1015,10750
58,205000,Diesel,72,1,0,2000,4,1100,8950
62,183500,Diesel,72,1,0,2000,5,1140,9500
58,82254,Petrol,110,0,0,1600,5,1050,11750
76,115345,Petrol,110,1,0,1600,5,1070,8900
68,93296,Petrol,110,1,0,1600,5,1090,11900
49,77648,Petrol,110,0,0,1600,4,1030,14500
20,35000,Petrol,97,1,0,1400,5,1110,18500
80,94079,Petrol,110,1,0,1600,5,1085,11950
57,65000,Petrol,110,0,0,1600,4,1035,10950
67,79858,Petrol,110,1,0,1600,4,1040,11895
67,108793,Petrol,110,1,0,1600,4,1035,11950
49,91340,Petrol,110,1,0,1600,3,1055,12500
32,61000,Diesel,90,0,0,2000,3,1170,14950
80,58267,Petrol,110,1,0,1600,5,1070,10250
61,82115,Petrol,110,1,0,1600,3,1055,10950
41,45287,Petrol,110,1,0,1600,5,1075,13950
65,117609,Petrol,86,0,0,1300,3,1015,9250
20,31850,Petrol,110,0,0,1600,3,1120,20900
57,54000,Petrol,110,1,0,1600,5,1075,12500
34,78677,Petrol,110,1,1,1600,5,1105,13790
39,39524,Petrol,97,1,0,1398,3,1025,13500
78,82595,Petrol,86,1,0,1300,3,1015,7950
80,65950,Petrol,110,0,0,1600,5,1070,9400
61,49000,Petrol,110,0,0,1600,3,1050,11950
54,46856,Petrol,97,0,0,1400,5,1060,11550
54,39291,Petrol,110,1,0,1600,3,1040,12950
75,74567,Petrol,86,1,0,1300,3,1015,7950
58,25000,Petrol,110,1,0,1600,5,1075,12500
57,33535,Petrol,110,0,0,1600,4,1035,12900
49,69659,Petrol,86,0,0,1300,3,1025,13950
66,76791,Petrol,110,1,0,1600,5,1070,10900
77,172980,Diesel,72,1,0,2000,5,1135,12500
59,32150,Petrol,110,1,0,1600,5,1085,12950
59,190900,Diesel,72,1,0,2000,3,1115,9500
48,98100,Diesel,69,1,0,1900,5,1140,10950
72,88500,Petrol,110,1,0,1600,5,1075,9850
79,84966,Petrol,110,0,0,1600,5,1070,10250
62,61930,Petrol,110,1,0,1600,4,1035,11950
25,49163,Petrol,110,0,1,1600,5,1165,17500
7,450,Petrol,97,1,0,1400,5,1110,20700
60,37111,Petrol,110,1,0,1600,3,1050,12950
53,70239,Petrol,110,0,0,1600,3,1040,12990
69,28227,Petrol,97,1,0,1400,5,1110,17750
49,34890,Petrol,97,0,0,1400,3,1025,11980
72,86860,Petrol,110,0,0,1600,5,1075,10250
64,132393,Diesel,72,0,0,2000,5,1135,9950
59,121626,Petrol,86,0,0,1300,5,1050,9995
68,42750,Petrol,110,1,0,1600,3,1050,11950
74,101773,Petrol,110,0,0,1600,3,1050,8900
58,51712,Petrol,110,0,0,1600,3,1050,10750
77,78435,Petrol,86,0,0,1300,3,1015,10950
49,68565,Petrol,110,1,0,1600,4,1030,10750
40,78425,Petrol,110,1,0,1600,5,1075,13450
59,36954,Petrol,110,1,0,1600,3,1050,10900
76,84472,Petrol,110,1,0,1600,5,1070,10250
78,74926,Petrol,110,1,0,1600,5,1075,9600
59,71366,Petrol,110,0,0,1600,3,1065,11500
42,53350,Petrol,110,0,0,1600,5,1075,14900
61,57169,Petrol,110,1,0,1600,3,1065,11995
58,73172,Petrol,110,1,0,1600,5,1075,11500
68,69103,Petrol,110,0,0,1600,4,1035,11750
42,38078,Petrol,97,0,0,1400,3,1025,13750
54,71725,Petrol,110,1,0,1600,4,1035,12950
62,84549,Petrol,110,0,0,1600,5,1075,12450
80,42186,Petrol,110,1,0,1600,3,1050,9500
71,90370,Petrol,86,1,0,1300,5,1035,9950
68,77008,Petrol,86,1,0,1300,3,1015,10950
30,38500,Diesel,90,0,0,2000,3,1170,15750
61,44597,Petrol,86,0,0,1300,3,1015,11950
33,75699,Diesel,69,0,0,1900,3,1105,15500
76,57263,Petrol,110,1,0,1600,3,1050,8750
40,48952,Diesel,90,1,0,2000,5,1205,16750
66,39222,Petrol,86,1,1,1300,3,1045,10950
73,128006,Petrol,110,1,0,1600,3,1050,10250
64,78356,Petrol,86,1,0,1300,3,1015,9950
67,57000,Petrol,110,0,0,1600,3,1050,10250
20,39115,Petrol,110,1,0,1600,5,1130,20950
16,20629,Petrol,110,1,0,1600,4,1090,20500
61,61144,Petrol,110,1,0,1600,5,1090,13250
4,1500,Diesel,116,1,0,2000,5,1480,33275
68,117955,Petrol,110,1,1,1600,4,1065,10600
41,34000,Petrol,110,1,0,1600,5,1075,13950
39,12000,Petrol,110,1,0,1600,5,1075,13500
28,32220,Petrol,110,1,0,1600,3,1120,18950
65,68000,Petrol,86,1,0,1300,3,1015,10950
77,70124,Petrol,110,1,0,1600,3,1050,10750
40,45886,Petrol,110,1,0,1600,5,1080,14950
73,115877,Petrol,110,0,0,1600,4,1035,7750
52,46449,Petrol,110,1,0,1600,4,1035,13750
78,43622,Petrol,86,1,0,1300,4,1000,10500
69,57096,Petrol,86,1,0,1300,3,1025,10600
65,49942,Petrol,110,0,0,1600,3,1065,12950
23,28000,Petrol,110,1,0,1600,5,1115,18950
53,49969,Petrol,110,0,0,1600,5,1075,11650
54,58530,Petrol,110,0,0,1600,5,1075,13750
33,16512,Petrol,97,1,0,1400,5,1085,15250
57,35000,Petrol,86,1,0,1300,5,1045,12900
28,29206,Petrol,97,1,0,1400,5,1110,17950
77,114258,Petrol,86,1,0,1300,5,1050,9600
53,26624,Petrol,97,0,0,1400,5,1060,12950
62,57179,Petrol,110,1,0,1600,5,1075,11900
55,44537,Petrol,97,0,0,1400,3,1025,11950
73,75000,Petrol,110,0,0,1600,5,1075,10500
74,101000,Petrol,86,0,0,1300,3,1015,8750
44,37000,Petrol,110,0,0,1600,4,1075,13950
54,40325,Petrol,86,0,0,1300,5,1045,15750
80,71740,Petrol,110,1,0,1600,5,1070,8950
65,71317,Petrol,110,0,0,1600,3,1050,10950
42,33623,Petrol,97,1,0,1400,3,1025,12950
77,48838,Petrol,110,0,0,1600,3,1180,11800
62,35512,Petrol,110,1,0,1600,3,1065,12950
68,44458,Petrol,86,0,0,1300,3,1015,11995
44,131273,Diesel,69,1,0,1800,5,1110,6750
76,124591,Petrol,110,1,0,1600,5,1075,9950
54,81905,Petrol,110,1,0,1600,5,1105,12950
75,89507,Petrol,86,0,0,1300,3,1015,9450
19,27821,Petrol,97,0,0,1400,5,1110,18500
76,104344,Petrol,110,1,0,1600,3,1050,10750
31,36544,Petrol,110,1,0,1600,5,1130,20750
73,112963,Diesel,72,1,0,2000,5,1135,10950
35,48052,Diesel,69,1,0,1900,3,1105,15500
35,33258,Petrol,110,1,0,1600,5,1075,14950
78,90345,Petrol,86,1,0,1300,5,1035,10500
41,75697,Petrol,97,1,0,1400,3,1025,12950
73,176177,Petrol,110,1,0,1600,5,1075,7950
73,39168,Petrol,86,0,0,1300,3,1015,9750
55,52149,Petrol,97,1,0,1400,3,1085,12750
68,77029,Petrol,86,1,0,1300,3,1015,10950
63,94504,Petrol,86,1,0,1300,4,1000,10250
52,49432,Petrol,110,1,0,1600,3,1050,12250
60,89576,Petrol,110,0,0,1600,4,1035,10750
50,45900,Petrol,110,1,0,1600,5,1075,14950
8,8574,Petrol,110,1,0,1600,5,1130,21950
76,125778,Petrol,110,0,0,1600,3,1050,8900
65,77500,Petrol,110,1,0,1600,3,1050,11750
67,79762,Petrol,86,1,0,1300,3,1015,11130
52,29500,Petrol,110,1,0,1600,3,1055,14900
51,98040,Petrol,110,0,0,1600,5,1080,13950
41,29716,Petrol,116,1,0,1600,5,1075,13900
56,37461,Petrol,97,0,0,1400,3,1025,11750
58,115715,Petrol,110,0,0,1600,5,1070,11950
68,31000,Petrol,110,1,0,1600,4,1035,12750
61,73894,Petrol,110,1,0,1600,3,1065,11995
43,243000,Diesel,69,0,0,1900,3,1110,8950
16,34472,Diesel,90,1,0,1995,3,1260,21950
39,24444,Petrol,110,1,0,1600,3,1040,14950
17,10000,Petrol,110,0,0,1598,5,1105,22750
61,45000,Petrol,107,0,1,1600,3,1085,11950
51,96135,Diesel,72,0,0,2000,3,1115,11950
66,52383,Petrol,86,0,0,1300,3,1015,11250
80,128351,Petrol,110,1,0,1600,5,1070,11250
80,62581,Petrol,110,0,0,1600,5,1075,8950
53,79800,Petrol,110,0,0,1600,5,1075,12895
80,60476,Petrol,110,1,0,1600,5,1114,10250
22,30400,Petrol,97,1,0,1400,5,1110,16950
62,70500,Petrol,110,1,0,1600,5,1035,10950
50,47219,Petrol,110,1,0,1600,5,1080,13950
57,78955,Petrol,86,1,0,1300,5,1045,11500
80,66168,Petrol,86,1,0,1300,3,1015,8750
34,48011,Petrol,110,1,0,1600,4,1030,15450
54,37000,Petrol,97,1,0,1400,3,1025,12900
76,43532,Petrol,110,0,0,1600,5,1070,9950
54,63123,Petrol,110,1,0,1600,4,1035,13950
62,37000,Petrol,86,0,0,1300,3,1015,11750
68,47500,Petrol,86,1,0,1300,5,1035,12495
48,64193,Diesel,110,1,0,1600,3,1040,12450
44,52000,Petrol,97,0,0,1400,3,1025,13950
56,47211,Petrol,110,1,0,1600,5,1070,12750
64,116000,Petrol,86,0,0,1300,5,1045,10000
74,159908,Petrol,110,0,0,1600,3,1050,7740
47,45850,Petrol,97,0,0,1400,5,1060,12950
43,30742,Petrol,110,1,0,1600,3,1040,14750
10,13747,Petrol,97,1,0,1400,5,1110,20450
80,49580,Petrol,110,1,0,1600,4,1035,9450
22,30000,Diesel,110,1,0,2000,5,1275,24250
78,78689,Petrol,110,0,0,1600,4,1035,9250
69,155000,Diesel,72,0,0,2000,3,1115,9950
61,95147,Petrol,110,1,0,1600,3,1050,12250
77,105152,Petrol,86,0,0,1300,3,1015,8750
67,96000,Petrol,110,1,0,1600,3,1050,10950
68,54875,Petrol,110,1,0,1600,5,1070,10950
63,57413,Petrol,107,0,1,1600,5,1115,12500
56,65400,Petrol,97,1,0,1400,3,1025,11750
35,65988,Petrol,110,1,0,1600,3,1040,13950
68,61504,Petrol,110,1,0,1600,4,1035,10750
68,104000,Petrol,86,1,0,1300,3,1015,8900
63,74747,Petrol,110,1,0,1600,5,1075,10950
43,53773,Petrol,110,1,0,1600,5,1075,13750
14,5459,Petrol,110,1,0,1600,5,1130,21950
52,31579,Petrol,97,0,0,1400,3,1025,12500
43,33113,Petrol,110,1,0,1600,5,1075,13695
78,72000,Petrol,110,0,0,1600,3,1055,9950
20,29000,Petrol,97,0,0,1400,5,1110,18500
59,130000,Diesel,72,1,0,2000,4,1135,9500
50,83567,Petrol,110,0,0,1600,5,1075,12500
72,42000,Petrol,110,1,0,1600,3,1050,8950
65,57374,Petrol,110,1,0,1600,5,1075,10950
67,56074,Petrol,86,0,0,1300,4,1000,11250
39,45081,Petrol,110,1,0,1600,5,1075,14950
55,68520,Diesel,72,1,0,2000,3,1115,13450
26,32692,Petrol,97,1,0,1400,3,1100,16950
61,88127,Petrol,86,0,0,1300,3,1015,9950
79,56214,Petrol,86,0,0,1300,3,1015,11500
75,109540,Petrol,110,0,0,1600,5,1085,10700
65,62225,Petrol,110,1,0,1600,3,1050,10950
60,74720,Petrol,110,1,0,1600,5,1085,13950
52,65170,Petrol,97,1,0,1400,3,1025,11950
51,53408,Petrol,110,1,0,1600,5,1080,13900
79,71359,Petrol,110,1,0,1600,3,1050,9750
64,58136,Petrol,110,1,0,1600,5,1075,11950
66,62135,Petrol,86,1,0,1300,5,1035,10750
52,53561,Petrol,97,1,0,1400,5,1060,13700
38,46327,Petrol,110,1,0,1600,3,1055,16990
77,62285,Petrol,110,1,0,1600,5,1075,10500
61,66259,Petrol,110,1,0,1600,3,1065,12500
80,194765,Diesel,72,0,0,2000,3,1120,8150
38,16000,Petrol,97,1,0,1400,5,1060,13750
65,33000,Petrol,110,0,0,1600,3,1050,12450
53,60558,Petrol,110,1,0,1600,4,1105,11940
27,110404,Diesel,90,0,0,2000,5,1255,18950
71,127159,Diesel,72,1,0,2000,3,1115,9250
58,63870,Diesel,72,0,0,2000,5,1135,12950
68,90727,Petrol,110,0,0,1600,3,1050,10450
78,24000,Petrol,86,1,1,1300,5,1065,10950
76,191620,Diesel,72,0,0,2000,5,1150,8950
75,150000,Diesel,72,1,0,2000,3,1135,9900
49,40836,Petrol,110,0,1,1600,3,1075,13950
79,49827,Petrol,86,1,0,1800,5,1035,9500
53,176000,Diesel,69,0,0,1900,3,1105,9000
53,216000,Diesel,69,0,0,1900,3,1110,8500
30,7000,Petrol,97,1,0,1400,5,1100,16900
54,66063,Petrol,110,1,0,1600,5,1090,13250
77,72703,Petrol,110,1,0,1600,3,1050,9950
73,85200,Petrol,110,1,0,1600,3,1050,9950
20,37500,Diesel,90,1,0,2000,3,1260,24250
65,81192,Petrol,110,1,0,1600,3,1065,12950
67,52800,Petrol,86,1,0,1300,3,1015,10450
68,91505,Diesel,72,0,0,2000,3,1115,11900
71,82000,Petrol,110,1,0,1600,5,1075,10950
80,74151,Petrol,110,1,0,1600,3,1050,9250
79,95000,Petrol,86,1,0,1300,5,1035,8950
57,45000,Petrol,110,1,0,1600,5,1050,12750
46,33021,Petrol,110,1,0,1600,5,1080,13900
80,122820,Petrol,86,0,0,1300,5,1040,9250
43,46515,Petrol,97,0,0,1400,5,1025,14750
43,58277,Petrol,110,1,0,1600,3,1045,13950
79,74093,Petrol,110,1,0,1600,5,1075,10800
59,137050,CNG,110,1,0,1600,3,1078,10950
40,28362,Petrol,110,1,0,1600,3,1040,15450
40,41339,Petrol,110,1,0,1600,5,1080,14850
63,68238,Petrol,86,0,0,1300,5,1050,11900
65,100550,Diesel,110,1,0,1600,5,1075,10950
13,13178,Petrol,110,1,0,1600,5,1130,23750
26,48000,Diesel,90,0,0,2000,3,1165,16950
8,10841,Diesel,90,1,0,2000,5,1270,23950
65,93428,Petrol,110,1,0,1600,5,1075,12500
28,28000,Petrol,110,0,0,1600,5,1130,21950
79,131500,Diesel,72,0,0,2000,5,1140,9950
39,27170,Petrol,97,1,0,1400,5,1060,13895
56,65000,Petrol,110,1,0,1600,5,1075,13950
65,66000,Petrol,86,1,0,1300,3,1015,9800
66,22835,Petrol,110,1,0,1600,3,1050,11245
48,50967,Petrol,97,1,0,1400,5,1060,12495
65,62396,Petrol,110,0,0,1600,3,1050,11850
42,42560,Petrol,110,1,0,1600,5,1080,15950
70,87000,Petrol,110,1,0,1600,4,1035,9950
65,58829,Petrol,110,0,0,1600,3,1050,10950
78,72000,Petrol,110,1,0,1600,4,1035,10250
63,41586,Petrol,110,1,0,1600,5,1114,11950
51,198167,Diesel,69,0,0,1900,4,1095,8400
59,98658,Petrol,86,1,0,1300,3,1020,10950
39,25062,Petrol,110,1,0,1600,5,1080,15750
50,76167,Petrol,97,1,0,1400,5,1060,12750
38,58798,Petrol,110,1,0,1600,5,1075,12950
78,36000,Petrol,86,0,1,1300,3,1045,10500
31,23000,Petrol,192,1,0,1800,3,1185,23500
16,36000,Petrol,110,1,0,1600,5,1130,23750
50,70440,Diesel,69,1,0,1900,3,1105,10695
60,61977,Petrol,86,1,0,1300,3,1015,10500
30,11090,Petrol,110,1,0,1600,3,1120,19950
79,207114,CNG,110,1,0,1600,5,1114,7250
65,70068,Petrol,110,1,0,1600,5,1075,11500
42,64564,Petrol,110,1,0,1600,5,1080,14450
38,28150,Petrol,110,1,0,1600,5,1075,15750
64,72000,Petrol,86,1,0,1300,3,1015,11450
62,75569,Diesel,72,1,0,2000,3,1120,10950
25,29719,Petrol,97,1,0,1400,5,1110,17950
51,34882,Petrol,110,1,0,1600,5,1075,14250
65,53053,Petrol,110,1,0,1600,5,1075,13500
78,82675,Petrol,86,0,0,1300,3,1015,9450
35,32000,Petrol,110,0,0,1600,3,1040,14500
39,45713,Petrol,97,1,0,1400,5,1085,14850
76,45410,Petrol,86,1,0,1300,5,1035,9750
65,98500,Petrol,110,1,0,1600,5,1075,11250
59,67010,Petrol,110,1,0,1600,3,1065,11950
41,39439,Petrol,97,0,0,1400,5,1060,13895
63,57000,Petrol,86,1,0,1300,5,1035,11950
76,73116,Petrol,110,1,0,1600,5,1075,10950
70,178800,Diesel,72,0,0,2000,3,1115,8500
55,36406,Petrol,110,1,0,1600,4,1035,12995
39,46694,Petrol,110,0,0,1600,3,1040,13495
73,232940,Diesel,72,0,0,2000,5,1172,7900
44,38461,Petrol,110,1,0,1600,5,1080,15995
55,27500,Petrol,97,1,0,1400,3,1025,11950
65,61384,Petrol,110,1,0,1600,3,1050,10250
62,61254,Petrol,110,0,0,1600,5,1075,11950
41,29056,Petrol,97,1,0,1400,5,1060,13950
68,74308,Petrol,110,0,0,1600,3,1050,10950
29,22575,Petrol,110,1,0,1600,5,1115,18895
54,174139,Diesel,72,1,0,2000,4,1100,9750
76,154900,Diesel,72,1,0,2000,5,1140,9450
49,73175,Petrol,97,1,0,1400,3,1030,13450
65,111769,Petrol,110,0,0,1600,3,1065,11750
44,41499,CNG,110,1,0,1600,5,1103,14950
67,58058,Petrol,110,1,0,1600,3,1065,14950
60,47060,Petrol,110,0,0,1600,4,1035,12450
25,17003,Petrol,97,1,0,1400,5,1110,17450
50,29686,Petrol,110,1,1,1600,3,1075,14950
36,43427,Petrol,110,1,0,1600,3,1040,14500
55,94401,Diesel,72,0,0,2000,3,1115,10950
65,45000,Petrol,110,0,0,1600,5,1075,10850
75,67451,Petrol,86,1,0,1300,4,1000,9450
70,60600,Petrol,86,0,0,1300,3,1060,7845
60,55085,Petrol,107,0,1,1600,5,1105,12350
69,52320,Petrol,110,0,0,1600,5,1070,11750
77,93000,Petrol,110,1,0,1600,5,1075,10250
17,57313,Diesel,110,1,0,2000,5,1275,24250
73,87358,Petrol,110,1,0,1600,3,1050,9500
33,57711,Diesel,90,1,0,2000,3,1165,15500
60,28500,Petrol,110,0,0,1600,5,1075,12950
49,41710,Petrol,110,0,0,1600,3,1040,12450
74,121900,Petrol,110,1,0,1600,4,1035,9950
73,68988,Petrol,86,1,0,1300,5,1035,11250
55,150000,CNG,110,1,0,1600,3,1075,10500
80,92255,Petrol,107,0,1,1600,5,1105,11900
65,176184,Diesel,72,1,0,2000,3,1115,8900
54,47768,Petrol,110,0,0,1600,3,1055,12850
30,22000,Petrol,97,1,0,1400,5,1110,16900
78,176000,Petrol,86,0,0,1300,5,1035,8500
41,50856,Petrol,110,0,0,1600,4,1030,15500
19,25948,Petrol,97,1,0,1400,3,1100,17950
71,139145,Diesel,73,0,0,2000,2,1115,9950
68,33847,Petrol,86,1,0,1300,4,1000,9900
74,78894,Petrol,110,0,0,1600,5,1070,9750
13,19988,Petrol,110,1,0,1600,5,1130,26500
80,102300,Petrol,86,1,0,1300,3,1015,9950
35,43000,Petrol,110,0,0,1600,3,1050,12500
77,75799,Petrol,110,1,0,1600,3,1050,11500
71,107516,Petrol,110,1,0,1600,3,1050,9750
17,10000,Petrol,97,1,0,1400,3,1100,19450
66,58113,Petrol,107,1,1,1600,3,1085,11450
43,85017,Petrol,97,0,0,1400,5,1060,12950
79,95700,Petrol,110,0,0,1600,5,1085,8990
80,76000,Petrol,110,0,0,1600,3,1050,10250
29,20000,Petrol,110,1,0,1600,5,1115,19250
74,84123,Petrol,110,0,0,1600,3,1050,9950
80,65307,Petrol,110,1,0,1600,3,1055,8900
67,155500,Petrol,110,1,0,1600,5,1050,9950
43,39650,Petrol,110,0,0,1600,3,1055,15950
75,38945,Petrol,110,1,0,1600,3,1050,10450
55,74715,Petrol,110,1,0,1600,5,1080,13950
50,82805,Petrol,110,1,0,1600,3,1040,14200
65,36000,Petrol,110,1,0,1600,3,1065,12450
60,31480,Petrol,110,1,0,1600,3,1065,12750
68,84482,Petrol,110,1,0,1600,5,1075,11250
73,34717,Petrol,86,0,0,1300,3,1015,9750
41,51732,Petrol,97,1,0,1400,3,1025,13950
8,9788,Petrol,110,1,0,1600,5,1130,23950
47,57500,Petrol,110,1,0,1600,4,1105,13950
62,88000,Petrol,86,0,0,1300,3,1020,8900
78,73638,Petrol,86,1,1,1300,4,1015,10450
53,90097,Diesel,69,1,0,1900,5,1140,11250
65,51000,Petrol,86,1,0,1300,3,1015,10950
62,61149,Petrol,86,1,0,1300,5,1040,11750
49,49568,Petrol,110,1,0,1600,3,1105,20950
47,60348,Petrol,110,0,0,1600,4,1030,12950
56,61000,Petrol,110,1,0,1600,3,1050,14000
48,48071,Petrol,97,0,0,1400,3,1025,11950
42,55968,Petrol,110,0,0,1600,3,1050,13950
68,101001,Petrol,110,0,0,1600,5,1075,10950
54,60239,Petrol,110,1,0,1600,5,1075,12750
77,131307,Petrol,110,1,0,1600,3,1050,8950
41,24000,Petrol,97,1,0,1400,3,1025,13950
42,30190,Petrol,110,1,0,1600,5,1075,13950
79,63918,Petrol,110,0,0,1600,4,1035,10500
66,74963,Petrol,107,0,1,1600,3,1085,11500
80,93841,Petrol,110,0,0,1600,5,1070,11250
19,18328,Petrol,110,0,0,1600,5,1130,21450
80,82021,Petrol,86,1,0,1300,5,1035,10750
59,61127,Petrol,110,1,0,1600,3,1050,10900
27,29510,Petrol,97,1,0,1400,3,1100,17950
27,23489,Petrol,110,0,0,1600,5,1115,20450
20,66966,Diesel,90,1,0,2000,3,1245,19950
75,102005,Petrol,107,1,1,1600,5,1105,10950
38,48197,Petrol,110,1,0,1600,5,1075,14950
56,52448,Petrol,97,0,0,1400,3,1025,12500
76,67266,Petrol,86,1,0,1300,5,1035,10250
66,97046,Petrol,86,1,0,1300,4,1000,10950
63,88685,Petrol,110,0,0,1600,5,1070,10450
73,59240,Petrol,110,1,0,1600,3,1050,11900
54,55877,Petrol,110,1,0,1600,5,1075,13500
63,72522,Petrol,110,1,0,1600,3,1050,10250
75,52000,Petrol,110,0,0,1600,5,1075,10750
48,49417,Petrol,110,1,0,1600,3,1045,13450
78,84000,Petrol,110,1,0,1600,5,1065,9250
80,110000,Petrol,110,1,0,1600,4,1035,8800
67,75429,Petrol,110,1,0,1600,3,1065,11950
60,130270,Petrol,110,0,0,1600,3,1050,9750
67,60000,Petrol,86,0,1,1300,4,1030,10250
69,20544,Petrol,86,1,0,1300,3,1025,9500
63,102807,Petrol,86,0,0,1300,5,1055,11250
78,109263,Petrol,110,0,0,1600,5,1070,9500
60,43426,Petrol,110,1,0,1600,5,1070,12495
71,47633,Petrol,110,1,0,1800,5,1075,10950
80,111392,CNG,110,0,0,1598,3,1083,9460
44,74172,Petrol,110,1,0,1600,5,1615,14450
13,18000,Petrol,71,0,0,1400,3,1125,20500
72,75525,Petrol,110,1,0,1600,3,1114,10950
77,52900,Petrol,110,1,0,1600,4,1075,11450
71,65021,Diesel,72,1,0,2000,3,1115,10950
77,54439,Petrol,86,1,0,1300,3,1015,9750
23,46986,Diesel,90,1,0,2000,3,1165,15500
67,104000,Petrol,86,0,0,1300,3,1020,11250
8,13253,Diesel,116,1,0,2000,5,1320,26950
62,62377,Petrol,110,1,0,1600,5,1075,11450
56,74500,Petrol,97,0,0,1400,3,1025,13450
50,40400,Petrol,97,1,0,1400,5,1060,13250
39,37782,Petrol,97,1,0,1400,5,1060,13650
68,67146,Petrol,110,1,0,1600,5,1075,12950
76,68000,Petrol,110,1,0,1600,5,1075,9995
38,74319,Petrol,110,1,0,1600,5,1075,14950
56,19313,Petrol,97,0,0,1400,3,1025,12500
65,36000,Petrol,86,1,0,1300,3,1015,10250
45,36000,Petrol,110,1,1,1600,3,1070,14950
43,27301,Petrol,110,1,0,1600,3,1040,14950
77,128960,Petrol,110,1,0,1600,5,1070,9250
33,55350,Petrol,110,0,0,1600,5,1075,13750
51,49473,Petrol,110,0,0,1600,3,1055,13450
80,110887,Petrol,110,1,0,1600,3,1055,9250
65,68000,Petrol,110,0,0,1600,5,1075,12500
63,55942,Petrol,110,1,0,1600,5,1070,11950
75,65006,Petrol,86,1,0,1300,3,1015,8950
61,92498,Petrol,110,1,0,1600,3,1050,11500
70,16916,Petrol,86,1,0,1300,3,1015,9250
68,37759,Petrol,110,1,0,1600,5,1070,11750
33,78108,Diesel,90,1,0,2000,3,1170,15500
76,120263,Diesel,72,1,0,2000,5,1135,10950
17,36012,Petrol,110,0,0,1600,5,1130,18950
60,54554,Petrol,110,1,0,1600,3,1065,12250
72,93066,Petrol,110,1,0,1600,5,1075,10250
59,70218,Petrol,110,1,0,1600,3,1050,11450
62,26000,Petrol,107,0,1,1600,3,1085,14500
56,58142,Petrol,110,1,0,1600,5,1080,13250
60,65259,Petrol,110,1,0,1600,3,1050,11250
80,71500,Petrol,110,1,0,1600,4,1035,9500
69,83133,Petrol,86,0,0,1300,3,1015,9950
65,75000,Petrol,86,0,0,1300,3,1015,10950
59,22705,Petrol,110,1,0,1600,5,1075,12950
77,70932,Petrol,110,1,0,1600,3,1050,9450
39,18500,Petrol,110,0,0,1600,4,1030,12250
51,103018,Diesel,69,0,0,1900,5,1140,12950
61,100748,Petrol,110,0,0,1600,5,1070,10950
66,58654,Petrol,110,1,0,1600,5,1070,10250
80,34000,Petrol,86,1,0,1300,4,1000,9950
80,137178,Diesel,90,1,0,2000,5,1135,11500
54,96100,Petrol,110,1,0,1600,5,1080,12950
68,65000,Petrol,110,0,0,1600,5,1070,11000
77,71825,Petrol,110,0,0,1600,5,1075,10500
74,42317,Petrol,107,1,1,1600,5,1100,10750
79,98742,Petrol,110,0,0,1600,5,1085,10750
60,58269,Petrol,110,1,0,1600,3,1050,10950
68,62222,Petrol,110,0,0,1600,5,1075,11900
44,63451,Petrol,97,0,0,1400,3,1025,13925
61,55747,Petrol,86,0,0,1300,3,1020,10750
39,108847,Diesel,90,1,0,2000,5,1205,16750
58,103458,Petrol,86,1,0,1300,3,1025,10950
53,117913,Diesel,69,1,0,1900,5,1110,11950
20,36000,Petrol,110,1,0,1600,5,1075,17950
1,1,Petrol,110,1,0,1600,5,1075,20245
72,123403,Petrol,110,1,0,1600,3,1050,8450
80,57000,Petrol,86,0,0,1300,4,1000,9750
77,62595,Petrol,110,1,0,1600,3,1050,10950
58,91000,Petrol,110,1,0,1600,5,1075,11500
60,139800,Diesel,72,0,0,2000,3,1115,8900
69,25329,Petrol,97,1,0,1400,3,1100,17750
27,79375,Diesel,90,1,0,2000,5,1255,19950
59,78750,Diesel,90,1,0,1975,5,1155,12950
16,11000,Petrol,110,1,0,1600,4,1105,20950
13,21428,Petrol,110,1,0,1600,5,1130,21950
36,36269,Petrol,110,1,0,1600,5,1075,12750
53,57475,Petrol,110,0,0,1600,3,1040,11900
78,57628,Petrol,110,0,0,1600,5,1075,10900
70,85864,Diesel,72,1,0,2000,5,1135,10500
47,102352,Petrol,110,1,0,1600,5,1080,13900
74,124910,Diesel,72,0,0,2000,5,1135,9250
35,91456,Diesel,69,1,0,1900,3,1110,12450
49,53116,Petrol,97,1,0,1400,3,1025,12950
78,155210,Petrol,110,0,0,1600,3,1050,9950
64,154462,Diesel,72,1,0,2000,5,1135,9950
65,132807,Diesel,72,1,0,2000,5,1135,10950
14,11500,Petrol,110,1,0,1600,3,1045,20800
67,72880,Petrol,86,1,0,1332,3,1015,9950
76,71000,Petrol,110,1,0,1600,3,1050,9950
44,29716,Petrol,110,1,1,1600,3,1070,13950
61,38019,Petrol,110,1,0,1600,5,1070,10750
17,11999,Petrol,110,1,0,1600,5,1130,21750
12,5000,Petrol,110,1,0,1600,5,1130,22500
73,99971,Petrol,110,1,0,1600,3,1050,9950
60,52487,Petrol,110,1,0,1600,4,1035,10400
38,180638,Diesel,90,0,0,2000,4,1160,11500
30,34000,Petrol,192,1,0,1800,3,1185,24750
78,80000,Petrol,110,1,0,1600,4,1065,9250
64,120400,Petrol,110,0,0,1600,5,1090,12450
74,120196,Petrol,110,1,0,1600,3,1050,9750
75,76382,Petrol,110,1,0,1600,3,1055,9950
11,25000,Diesel,116,1,0,2000,5,1320,25000
26,56000,Petrol,110,1,1,1600,5,1180,22500
22,43610,Petrol,192,0,0,1800,3,1185,21950
70,85470,Petrol,107,0,1,1600,3,1080,11450
71,76000,Petrol,110,1,0,1600,5,1070,11250
77,71900,Petrol,86,1,0,1300,3,1015,9750
80,59326,Petrol,110,1,0,1600,5,1085,10750
58,133405,Diesel,72,1,0,2000,5,1135,10950
65,31588,Petrol,86,1,0,1300,3,1015,11950
79,66855,Petrol,110,1,0,1600,5,1075,10950
69,75000,Petrol,86,1,0,1300,4,1000,10950
63,22178,Petrol,86,1,0,1300,3,1015,11500
47,40361,Petrol,110,1,0,1600,5,1090,13950
69,74573,Petrol,110,1,0,1600,5,1085,10450
63,77457,Petrol,110,1,0,1600,3,1055,11450
47,38900,Petrol,97,1,0,1400,3,1025,10950
42,55400,Petrol,110,0,0,1600,5,1075,13750
76,183277,Diesel,72,0,0,2000,3,1115,7750
78,96000,Petrol,86,1,0,1300,3,1015,9250
62,50000,Petrol,110,1,0,1600,5,1075,11950
54,101352,Petrol,110,0,0,1600,5,1080,13950
25,32189,Petrol,192,0,0,1800,3,1185,21600
65,35283,Petrol,86,1,0,1300,3,1015,11250
19,51099,Diesel,90,1,0,2000,5,1255,21950
18,23902,Petrol,97,1,0,1400,3,1100,19450
56,52000,Petrol,97,0,0,1400,3,1025,12000
77,45507,Petrol,110,1,0,1600,3,1050,10500
66,81083,Petrol,86,0,0,1300,3,1015,10750
8,11000,Petrol,110,1,0,1600,5,1130,25750
80,44444,Petrol,110,1,0,1600,3,1180,11250
64,52968,Petrol,110,1,0,1600,3,1050,11500
72,105856,Petrol,86,0,0,1300,3,1015,7950
67,126800,Diesel,72,0,0,2000,5,1135,11800
54,149329,Diesel,72,1,0,2000,5,1135,10950
77,64280,Petrol,110,0,0,1600,4,1035,10495
35,24011,Petrol,97,0,0,1400,3,1025,13500
63,48738,Petrol,110,0,0,1600,5,1055,11950
8,10077,Petrol,97,1,0,1400,5,1110,21500
79,71263,Petrol,86,0,0,1300,3,1015,7950
80,70597,Petrol,107,1,1,1600,3,1080,10500
65,64772,Petrol,110,1,0,1600,3,1050,10750
38,22865,Petrol,110,1,0,1600,5,1075,14900
38,53000,Petrol,110,1,0,1600,5,1075,15500
73,76151,Petrol,86,1,0,1300,3,1015,9490
22,100250,Diesel,90,0,0,2000,5,1255,18950
33,27240,Petrol,110,1,0,1600,5,1075,14750
40,23616,Petrol,110,1,0,1600,5,1075,15450
78,87000,Petrol,110,1,0,1600,4,1035,9250
74,124057,Petrol,110,1,0,1600,3,1050,9950
52,99323,Petrol,110,1,0,1600,3,1055,12950
37,82743,CNG,110,1,0,1600,5,1121,13950
50,22500,Petrol,97,1,0,1400,3,1025,12800
67,127000,Diesel,72,1,0,2000,5,1135,10950
68,119541,Petrol,110,0,0,1600,3,1055,11950
42,61300,Petrol,97,1,0,1400,3,1030,13950
80,85565,Petrol,110,0,0,1600,5,1070,10250
65,67003,Petrol,110,1,0,1600,4,1035,12500
68,53000,Petrol,110,1,1,1587,3,1075,10950
57,61000,Petrol,110,1,0,1600,3,1050,11450
70,44850,Petrol,110,1,0,1600,3,1050,10950
66,15110,Petrol,86,0,0,1300,5,1035,11450
19,27371,Petrol,97,0,0,1400,5,1135,20450
41,39659,Petrol,110,1,0,1600,3,1045,14500
35,18000,Petrol,110,1,0,1600,5,1075,15995
44,96829,Petrol,110,1,0,1600,5,1075,13495
44,39000,Petrol,97,1,0,1400,3,1025,11950
74,112307,Petrol,110,1,0,1600,5,1070,9450
27,37177,Petrol,110,0,0,1600,5,1130,18500
50,41273,Petrol,97,0,0,1400,5,1060,12995
67,73936,Petrol,86,1,0,1300,5,1050,10995
78,161775,Petrol,86,1,0,1300,3,1015,7800
62,17345,Petrol,110,1,0,1600,3,1050,12900
45,87274,Petrol,110,1,0,1600,3,1040,11950
68,64000,Petrol,110,0,0,1600,5,1075,10950
72,112000,Petrol,86,1,0,1300,3,1015,9350
74,88700,Petrol,110,1,0,1600,3,1050,10950
54,58745,Petrol,110,1,0,1600,4,1035,13950
77,121545,Petrol,110,1,0,1600,5,1070,9250
63,109230,Petrol,110,0,0,1600,3,1050,9750
67,92922,Diesel,72,1,0,2000,4,1100,10500
50,82735,Petrol,97,1,0,1400,3,1030,12950
70,89983,Petrol,110,0,0,1600,3,1055,10450
79,72328,Petrol,110,1,0,1600,5,1075,9950
65,78076,Petrol,86,1,0,1300,3,1015,9950
43,54600,Petrol,110,0,0,1600,4,1030,12850
80,73200,Petrol,110,1,0,1600,5,1070,9500
65,55061,Petrol,110,1,0,1600,5,1070,11950
71,106150,Petrol,86,0,0,1300,3,1015,10750
65,59000,Petrol,110,0,0,1600,3,1050,11950
64,43000,Petrol,86,0,0,1300,3,1015,9750
32,45725,Petrol,110,1,0,1600,5,1075,15250
56,33998,Petrol,110,0,0,1600,5,1080,13950
68,140000,Petrol,110,1,0,1600,5,1085,10950
70,61000,Petrol,110,1,0,1600,4,1035,9150
68,43000,Petrol,110,1,0,1600,5,1035,10950
20,48110,Petrol,97,1,0,1400,3,1100,18450
42,92204,Petrol,110,1,0,1600,5,1075,12500
42,38665,Petrol,110,1,0,1600,5,1075,14450
23,84000,Diesel,90,0,0,2000,5,1270,21000
27,94612,Diesel,90,1,0,2000,3,1245,18900
58,105942,Petrol,86,0,0,1300,5,1040,11750
2,225,Petrol,97,1,0,1400,5,1110,23125
66,126452,Petrol,110,1,0,1600,5,1085,11450
54,77270,Petrol,110,1,0,1600,4,1035,13950
67,70000,Petrol,107,1,1,1587,3,1065,12500
76,70039,Petrol,110,1,0,1600,3,1050,9500
64,133769,Diesel,72,1,0,2000,3,1120,10950
55,54900,Petrol,97,1,0,1400,5,1060,13500
54,63792,Petrol,110,1,0,1600,5,1075,12250
60,70453,Diesel,72,0,0,2000,5,1135,12900
51,38403,Petrol,110,0,0,1600,3,1055,14950
68,95000,Petrol,110,0,0,1600,3,1050,10950
76,76268,Petrol,86,1,0,1300,3,1015,10500
69,49640,Petrol,110,1,0,1600,4,1035,9250
54,64000,Petrol,97,1,0,1400,3,1025,10950
46,68414,Petrol,97,0,0,1400,3,1025,11950
13,33477,Petrol,110,1,0,1600,5,1075,17850
79,93090,Petrol,86,1,0,1300,5,1035,9200
65,60724,Petrol,86,1,0,1300,3,1015,9995
57,55844,Petrol,86,1,0,1300,5,1045,11995
59,144521,Diesel,72,1,0,2000,5,1135,8900
49,86221,Petrol,110,0,0,1600,3,1045,13450
28,18739,Petrol,192,0,0,1800,3,1185,24000
71,134660,Diesel,72,0,0,2000,5,1135,7950
59,80430,Petrol,110,1,0,1600,3,1065,11950
71,83047,Petrol,86,1,1,1300,3,1045,10950
65,59264,Petrol,86,0,0,1300,3,1015,9500
63,47612,Petrol,86,0,0,1300,3,1015,11950
74,61700,Petrol,110,0,0,1600,5,1070,10950
71,120000,Petrol,110,0,0,1600,5,1085,10500
37,44757,Petrol,97,0,0,1400,3,1025,11950
61,51235,Petrol,86,1,0,1300,4,1000,10950
52,73000,Petrol,110,0,0,1600,3,1055,14000
69,42800,Petrol,110,1,0,1600,3,1050,11950
52,35823,Petrol,110,0,0,1600,5,1075,13500
35,59500,Diesel,69,1,0,1900,3,1110,15950
55,30461,Petrol,86,1,0,1300,5,1050,12500
41,123425,Diesel,69,1,0,1900,5,1140,15250
61,79000,Petrol,110,1,0,1600,3,1050,10900
67,70552,Petrol,110,0,0,1600,5,1075,11900
48,140700,Diesel,69,1,0,1900,5,1110,9750
44,37389,Petrol,110,1,0,1600,5,1080,14950
34,65345,Petrol,97,1,0,1400,5,1060,13690
63,68453,Petrol,110,1,0,1600,5,1070,10950
76,60000,Petrol,110,0,0,1600,3,1050,9900
71,59164,Petrol,110,0,0,1600,4,1035,8495
35,46304,Petrol,97,1,0,1400,5,1060,14950
62,58000,Petrol,110,1,0,1600,3,1065,12495
62,112000,Diesel,72,0,0,2000,4,1135,9950
80,83540,Petrol,110,1,0,1600,5,1070,10950
60,61100,Petrol,86,1,0,1300,3,1015,9950
54,48370,Petrol,110,1,0,1600,5,1080,15750
65,92226,Petrol,110,0,0,1600,3,1065,11450
22,41000,Petrol,97,1,0,1400,3,1100,17500
65,64630,Petrol,110,0,0,1600,5,1070,12950
41,61000,Petrol,110,0,0,1600,5,1075,13900
50,1,Diesel,90,1,0,2000,3,1260,9500
50,39706,Petrol,110,1,0,1600,5,1080,15500
20,7187,Petrol,110,1,0,1600,3,1105,19950
27,19700,Petrol,192,0,0,1800,3,1185,23500
62,80000,Petrol,110,0,0,1600,5,1075,12950
68,35000,Petrol,110,1,0,1600,3,1050,10900
71,83291,Petrol,110,1,0,1600,5,1070,9500
79,138500,Petrol,86,0,0,1300,5,1050,10950
17,30351,Diesel,90,1,0,1995,3,1260,21950
62,66082,Petrol,110,0,0,1600,5,1070,11250
65,82000,Petrol,86,1,0,1300,3,1015,9450
54,84598,Petrol,110,0,0,1600,5,1075,14500
9,7650,Petrol,110,1,0,1600,5,1115,21600
37,118217,Petrol,110,1,0,1600,5,1075,13950
63,68153,Petrol,110,1,0,1600,5,1085,12995
61,110853,Petrol,110,1,0,1600,5,1070,11250
74,104150,Petrol,110,1,0,1600,3,1050,9950
57,52548,Petrol,110,0,0,1600,3,1050,10950
46,75249,Petrol,110,1,0,1600,4,1035,13450
77,61648,Petrol,110,1,0,1600,5,1070,10250
54,50000,Petrol,97,1,0,1400,3,1025,11400
71,164000,Petrol,110,1,0,1600,3,1050,9950
20,20000,Petrol,110,0,1,1600,5,1165,22500
19,29441,Petrol,97,1,0,1400,5,1110,18250
63,89000,Petrol,110,1,0,1600,5,1085,11950
19,51884,Petrol,97,1,0,1400,3,1100,17950
56,35230,Petrol,97,0,0,1400,3,1025,12950
68,78521,Petrol,86,0,0,1300,3,1015,9950
37,36074,Petrol,110,1,1,1600,5,1075,15950
34,49291,Petrol,110,1,0,1600,3,1040,14450
14,17896,Petrol,110,1,1,1600,4,1150,22950
31,16238,Petrol,110,1,1,1600,5,1180,19950
70,91900,Petrol,86,1,0,1300,3,1015,8500
16,11754,Petrol,110,0,1,1600,5,1180,21750
66,94606,Petrol,110,0,0,1600,3,1065,11900
39,98823,CNG,110,1,0,1600,5,1119,13950
73,87000,Petrol,86,1,0,1300,3,1015,9950
74,106250,Petrol,110,0,0,1600,5,1070,8640
55,137000,Diesel,72,1,0,2000,5,1135,9750
61,80714,Petrol,110,1,0,1600,5,1075,12450
22,75048,Petrol,97,1,0,1400,5,1110,17800
40,44830,Petrol,110,1,0,1600,5,1075,13700
63,59000,Petrol,110,0,0,1600,3,1050,10950
76,60833,Petrol,110,1,0,1600,4,1035,9750
62,64966,Petrol,86,0,0,1300,3,1020,10950
71,115157,Petrol,110,1,0,1600,3,1050,8500
25,28450,Petrol,110,1,0,1600,3,1120,17950
22,35199,Petrol,97,1,0,1400,3,1100,17750
59,79660,Petrol,86,0,1,1300,5,1065,12950
65,60000,Petrol,86,1,0,1300,3,1015,10950
38,49500,Petrol,110,1,0,1600,5,1075,13950
63,103400,Petrol,110,1,0,1600,5,1075,11500
75,61626,Petrol,86,0,0,1300,5,1035,9950
69,197501,Diesel,72,0,0,2000,5,1135,10500
75,91082,Petrol,110,1,0,1600,3,1050,9450
66,112000,Petrol,110,1,0,1600,3,1065,12500
73,111602,Petrol,86,1,0,1300,3,1015,9750
47,40000,Petrol,110,0,0,1600,5,1080,13000
62,93098,Petrol,110,1,0,1600,5,1075,12500
67,62316,Petrol,110,1,0,1600,3,1050,12295
75,87613,Petrol,86,0,0,1300,3,1015,8750
58,72928,Petrol,110,1,0,1600,5,1075,11950
79,65254,Petrol,86,1,0,1300,3,1015,9750
74,58454,Petrol,86,1,0,1300,3,1015,9500
60,74337,Petrol,86,0,0,1300,5,1035,13950
75,107000,Petrol,110,1,0,1600,3,1050,11950
48,142130,CNG,110,0,0,1600,5,1119,11250
65,140168,Diesel,72,1,0,2000,3,1115,9350
64,91333,Petrol,110,1,0,1600,3,1050,10250
59,86871,Petrol,86,1,0,1300,5,1040,11500
70,124743,Petrol,110,1,0,1600,3,1050,10450
71,75085,Petrol,86,0,0,1300,5,1035,7950
64,144000,CNG,110,1,0,1600,3,1065,10450
62,53285,Petrol,110,1,0,1600,5,1075,12250
77,102000,Petrol,86,1,0,1300,3,1015,9750
71,72128,Petrol,107,1,1,1600,5,1100,10950
48,28656,Petrol,97,0,0,1400,3,1085,11950
69,52000,Petrol,110,1,0,1600,3,1050,10750
23,39704,Petrol,110,1,1,1600,5,1180,20950
72,126478,Petrol,110,1,0,1600,4,1035,7250
71,78260,Petrol,110,0,0,1600,3,1050,10500
62,49258,Petrol,110,1,0,1600,4,1035,11500
47,73403,Petrol,110,1,0,1600,5,1075,13750
47,117430,Diesel,90,1,0,2000,3,1165,14450
73,156169,Petrol,86,1,0,1300,5,1035,8750
49,80090,Petrol,97,1,0,1400,3,1030,12750
68,80426,Petrol,110,1,0,1600,3,1055,11950
55,77780,Petrol,110,0,0,1600,3,1040,12250
69,53809,Petrol,110,1,0,1600,3,1050,7950
76,81930,Petrol,110,0,0,1600,5,1070,9750
50,65471,Petrol,97,1,0,1400,5,1060,12900
66,81250,Petrol,110,0,0,1600,3,1050,10250
30,33511,Petrol,110,1,0,1600,5,1130,19950
62,88667,Petrol,110,1,0,1600,4,1040,9900
58,68723,Petrol,86,0,0,1300,3,1025,11250
66,50806,Petrol,86,0,0,1300,3,1480,11390
60,80000,Petrol,86,0,0,1300,5,1015,9950
53,72000,Petrol,97,1,0,1400,3,1025,11850
7,10000,Diesel,116,1,0,2000,5,1270,24950
40,58954,Petrol,110,1,0,1600,5,1080,13950
67,15535,Petrol,86,1,1,1300,4,1030,12950
33,31000,Petrol,110,1,0,1600,5,1075,14900
61,78063,Petrol,107,1,1,1600,5,1100,11500
78,65500,Petrol,86,1,0,1300,3,1015,10950
78,217764,Diesel,72,1,0,2000,5,1135,8000
76,89520,Petrol,110,1,0,1600,3,1050,10950
80,66843,Petrol,110,1,0,1600,5,1075,11450
50,10210,Petrol,97,0,0,1400,5,1065,14950
54,62987,Petrol,110,0,0,1600,5,1080,13450
54,115558,Petrol,110,1,0,1600,4,1035,12750
63,54936,Petrol,110,1,0,1600,5,1075,12950
35,71200,Petrol,110,1,0,1600,5,1075,14450
76,49170,Petrol,86,0,0,1300,3,1045,10750
78,72090,Petrol,110,1,0,1600,5,1070,9750
25,15414,Petrol,97,1,0,1400,5,1110,18650
28,43210,Petrol,97,0,0,1400,5,1110,17250
73,56566,Petrol,110,1,0,1600,3,1050,9800
46,34000,Petrol,110,1,0,1600,5,1075,13500
69,99374,Petrol,86,1,0,1300,5,1035,10950
80,160000,Petrol,86,0,0,1300,3,1015,8750
20,33329,Petrol,97,1,0,1400,3,1100,17950
36,63459,Petrol,97,1,0,1400,5,1060,14750
73,158492,Petrol,86,0,0,1300,3,1015,8550
23,71138,Diesel,69,0,0,1900,3,1105,14950
52,104805,Petrol,97,1,0,1400,3,1025,11450
28,28817,Petrol,110,1,0,1598,5,1130,20950
68,112116,Petrol,110,1,0,1600,5,1070,11950
32,34131,Diesel,192,1,0,1800,3,1185,24500
39,40000,Petrol,110,1,0,1600,3,1055,15750
50,46000,Petrol,97,0,0,1400,3,1025,12900
70,59017,Petrol,107,1,1,1600,3,1080,10250
29,41415,Petrol,110,1,0,1600,3,1120,17750
25,31461,Petrol,192,0,0,1800,3,1185,22950
61,81170,Petrol,110,1,0,1600,4,1040,10950
68,80121,Petrol,110,0,0,1600,5,1070,11500
80,86000,Petrol,110,0,0,1600,3,1050,10950
68,61100,Petrol,110,1,0,1600,5,1075,13500
22,72215,Diesel,90,1,0,2000,5,1255,19950
75,100192,Petrol,110,1,0,1600,3,1050,9795
61,97648,Petrol,110,1,0,1600,3,1065,11950
43,24553,Petrol,110,1,0,1600,5,1080,14750
65,97173,Petrol,86,0,0,1300,3,1015,11900
59,87654,Petrol,86,1,1,1300,5,1065,12995
54,47852,Petrol,110,1,0,1600,4,1030,12250
56,66777,Petrol,110,0,0,1600,5,1090,13950
68,81965,Petrol,86,1,0,1300,5,1035,10450
50,72242,Petrol,110,0,1,1600,3,1070,13950
60,85000,Petrol,86,1,0,1300,3,1025,12500
70,68000,Petrol,86,1,1,1300,3,1045,10950
78,77000,Petrol,110,0,0,1600,3,1050,10000
60,96000,Diesel,72,0,0,2000,4,1100,14250
19,29435,Petrol,97,1,0,1400,3,1100,17950
43,178858,CNG,110,0,0,1600,3,1084,9750
62,109547,Petrol,110,0,0,1600,5,1075,11950
30,64359,Petrol,110,1,0,1600,3,1105,18950
39,34599,Petrol,110,1,0,1600,5,1075,14950
39,48945,Petrol,110,0,0,1600,3,1040,12950
22,46961,Petrol,97,0,0,1400,3,1100,15950
72,110634,Petrol,86,1,0,1300,3,1015,8500
44,21027,Petrol,110,1,0,1600,5,1080,15250
73,84402,Petrol,110,1,0,1600,4,1035,10950
67,65785,Petrol,110,1,0,1600,5,1075,12950
58,70560,Petrol,110,1,0,1600,3,1050,10000
74,89800,Diesel,72,1,0,2000,3,1115,10750
73,70482,Petrol,110,1,0,1600,5,1075,9500
72,87083,Petrol,110,0,0,1600,4,1035,9450
64,114846,Petrol,110,1,0,1600,5,1075,11950
29,25813,Petrol,110,1,0,1600,3,1120,18250
59,65463,Petrol,110,1,0,1600,5,1070,11950
40,45600,Petrol,110,1,1,1600,5,1105,15950
40,179860,Diesel,90,1,0,2000,5,1205,13950
49,80320,Petrol,110,1,1,1600,3,1070,13290
64,98291,Petrol,86,0,0,1300,4,1000,10750
69,60050,Petrol,110,1,0,1600,3,1050,8750
76,53133,Petrol,110,1,0,1600,5,1070,12950
80,69904,Petrol,110,0,0,1600,5,1070,11950
34,32431,Petrol,97,1,0,1400,5,1060,14400
75,146197,Petrol,86,0,0,1300,3,1015,7600
62,64797,Petrol,110,1,0,1600,5,1075,9995
67,69000,Petrol,110,1,0,1600,3,1065,11650
60,79150,Petrol,110,1,0,1600,5,1075,12500
54,39000,Petrol,97,0,0,1400,3,1025,12750
19,19200,Petrol,97,1,0,1400,3,1100,18250
31,25266,Petrol,110,1,0,1600,5,1130,20750
57,54000,Petrol,110,1,0,1600,3,1135,12250
77,98000,Petrol,110,1,0,1600,5,1065,9950
38,32781,Petrol,110,0,0,1600,5,1075,13950
68,70000,Petrol,86,1,0,1300,3,1015,8950
49,131364,Petrol,110,1,0,1600,5,1075,11950
75,74000,Petrol,86,1,0,1300,3,1015,9500
58,55478,Petrol,86,0,0,1300,5,1045,12950
60,40000,Petrol,86,1,0,1300,4,1000,10950
52,89000,Petrol,110,0,0,1600,5,1075,11750
59,105000,Petrol,86,1,0,1300,3,1015,7950
75,64000,Petrol,107,0,1,1600,3,1085,12000
43,74285,Petrol,110,1,0,1600,5,1075,13950
62,59295,Petrol,86,0,0,1300,5,1035,11500
72,78120,Petrol,110,1,0,1600,5,1075,9950
56,113997,Diesel,72,1,0,2000,5,1135,7150
75,73460,Petrol,110,1,0,1600,5,1070,9400
57,45000,Petrol,110,1,0,1600,3,1050,11750
63,65896,Petrol,110,1,0,1600,3,1065,12750
48,63000,Diesel,69,1,0,1900,5,1140,13500
57,102300,Diesel,72,1,0,2000,5,1135,11950
68,102494,Petrol,110,0,0,1600,5,1090,11895
54,63135,Petrol,110,1,0,1600,3,1050,12500
27,27500,Petrol,97,0,0,1400,3,1100,16750
43,89968,Diesel,69,1,0,1900,5,1140,14950
58,58000,Petrol,110,1,0,1600,3,1050,11950
28,56349,Petrol,110,1,0,1600,3,1120,17950
65,80086,Petrol,110,1,0,1600,4,1035,10250
11,16123,Petrol,110,1,0,1600,3,1105,20500
44,74846,Petrol,97,1,0,1400,3,1025,12950
73,47360,Petrol,86,0,0,1300,3,1010,9000
39,56001,Petrol,110,1,0,1600,5,1075,15500
77,122290,Petrol,110,0,0,1600,3,1050,9450
78,87743,Petrol,110,0,0,1600,3,1055,9450
65,87821,Petrol,86,1,0,1300,3,1015,10150
74,104000,Petrol,86,1,0,1300,3,1010,8750
50,74849,Petrol,110,1,1,1600,4,1060,12950
56,45336,Petrol,110,1,0,1600,5,1080,14500
63,57124,Petrol,110,1,0,1600,3,1065,11950
77,84000,Petrol,110,1,0,1600,5,1085,9750
59,56259,Petrol,86,0,0,1300,3,1015,10950
33,24650,Petrol,110,1,0,1600,3,1055,16990
42,38932,Petrol,110,1,0,1600,3,1040,15500
67,174833,Diesel,72,0,0,2000,4,1100,7751
41,37533,Petrol,110,1,0,1600,5,1075,15950
79,68945,Petrol,110,1,0,1600,5,1085,11950
76,110901,Petrol,110,1,0,1600,5,1085,11250
74,48242,Petrol,86,1,0,1300,5,1035,10950
65,59000,Petrol,110,0,0,1600,5,1075,11750
65,45681,Petrol,110,0,0,1600,3,1050,10745
48,56675,Petrol,97,1,0,1400,3,1025,11475
42,53719,Petrol,110,1,1,1600,5,1105,16950
80,105135,Petrol,110,1,0,1600,3,1050,8500
59,60708,Petrol,86,1,0,1300,5,1045,12995
22,49059,Petrol,97,0,0,1400,3,1100,15950
61,37500,Petrol,110,0,0,1600,5,1085,12950
80,35821,Diesel,86,0,1,1300,3,1015,9950
62,74457,Petrol,110,0,0,1600,5,1075,10950
68,155720,Petrol,86,1,0,1300,3,1015,8950
62,82421,Petrol,110,1,0,1600,3,1065,12450
57,80470,Petrol,110,0,0,1600,5,1085,12950
61,54000,Petrol,110,1,0,1600,3,1055,11250
60,36943,Petrol,110,0,0,1600,5,1070,11500
51,146736,Petrol,110,1,0,1600,5,1080,11900
80,143560,Petrol,86,1,1,1300,3,1045,8950
80,94447,Petrol,110,0,0,1600,3,1050,9250
74,96000,Petrol,110,1,0,1600,5,1085,11250
71,98154,Petrol,110,1,0,1600,3,1050,10450
67,67110,Petrol,86,1,0,1300,5,1035,11750
72,91921,Petrol,86,1,0,1300,3,1020,10950
11,12500,Petrol,110,1,0,1600,5,1115,20900
61,63000,Petrol,86,0,1,1300,3,1050,12450
61,66000,Petrol,110,0,0,1600,3,1050,11950
61,76700,Petrol,86,1,0,1300,5,1035,11950
75,74096,Petrol,110,1,0,1600,3,1050,9400
70,67100,Petrol,110,1,0,1600,5,1075,10500
35,32941,Petrol,110,1,0,1600,5,1080,15950
57,88480,Petrol,110,1,0,1600,3,1050,10750
60,64383,Petrol,86,0,0,1300,3,1015,10200
14,6000,Petrol,110,0,0,1600,5,1130,21950
8,10000,Petrol,97,1,0,1400,5,1110,20950
20,17300,Petrol,97,1,0,1400,5,1110,19200
49,36000,Petrol,110,0,0,1600,5,1080,15000
53,55500,Petrol,110,1,0,1600,4,1035,13950
71,151000,CNG,110,1,0,1600,5,1094,8450
53,63635,Petrol,110,1,0,1600,4,1035,11930
80,63266,Petrol,110,1,0,1600,4,1035,11000
72,99245,Petrol,110,1,0,1600,5,1114,8950
30,67660,Petrol,110,1,0,1600,3,1105,17950
68,68865,Petrol,110,1,0,1600,3,1065,11950
72,19000,Petrol,86,0,0,1300,3,1015,12845
64,150585,Petrol,110,1,0,1600,3,1065,10250
76,83405,Petrol,110,1,0,1600,5,1070,8750
41,22780,Petrol,86,1,0,1300,5,1035,12500
72,71054,Petrol,86,0,1,1300,3,1045,10950
77,77000,Petrol,86,0,0,1300,3,1015,8950
63,101469,Petrol,110,1,0,1600,3,1065,10950
60,28500,Petrol,86,1,1,1300,3,1045,12750
67,76569,Petrol,86,1,0,1300,3,1020,10750
68,204250,Diesel,72,0,0,2000,3,1115,9900
40,73042,Petrol,110,1,0,1598,5,1075,13950
64,73500,Petrol,110,1,0,1600,3,1050,11250
72,106108,Petrol,110,1,0,1600,3,1050,9750
69,75000,Petrol,86,1,0,1300,4,1000,10750
68,88807,Petrol,110,0,0,1600,3,1050,10500
33,77321,Petrol,110,1,0,1600,5,1075,12950
7,1,Petrol,110,1,0,1600,3,1105,19900
8,13253,Diesel,116,1,0,2000,5,1320,26950
69,79000,Petrol,86,0,0,1300,3,1015,8900
33,33591,Petrol,110,1,0,1600,5,1075,14950
61,59000,Petrol,110,1,0,1600,5,1070,11450
67,64613,Petrol,110,1,0,1600,5,1085,11750
67,99781,Petrol,110,1,0,1600,5,1085,11450
66,60000,Petrol,86,1,0,1300,3,1015,10950
37,21500,Petrol,110,1,0,1600,5,1030,13450
50,22648,Petrol,97,1,0,1400,5,1060,12950
77,61906,Petrol,86,1,1,1300,5,1065,10450
69,44826,Petrol,110,0,0,1600,5,1075,10250
66,45000,Petrol,86,1,0,1300,5,1035,9950
48,15000,Petrol,97,1,0,1400,3,1025,12450
70,151300,Diesel,72,1,0,2000,5,1150,9750
40,85389,Petrol,110,1,0,1600,5,1075,14500
70,85000,Petrol,110,1,0,1600,3,1055,9900
43,37576,Petrol,97,0,0,1400,3,1030,11950
46,30806,Petrol,97,1,0,1400,5,1060,12450
50,99865,Petrol,110,1,0,1600,4,1035,9900
78,95651,Petrol,110,1,0,1600,5,1070,9750
51,57645,Petrol,110,0,0,1600,5,1080,11700
67,54847,Petrol,110,0,0,1600,3,1050,10900
62,71000,Petrol,110,0,0,1600,5,1070,12950
68,119289,Petrol,110,1,0,1600,4,1035,9950
77,145996,Petrol,110,0,0,1600,4,1035,7950
80,97548,Petrol,86,0,0,1300,5,1035,9950
75,88000,Petrol,110,1,0,1600,3,1050,9200
40,80425,Diesel,90,1,0,2000,5,1205,16750
79,39800,Petrol,107,0,1,1600,3,1080,10750
58,47171,Petrol,86,1,0,1300,3,1015,10500
19,17038,Petrol,110,0,0,1600,5,1130,21950
69,67092,Diesel,72,1,0,2000,3,1115,11400
65,91246,Petrol,86,1,0,1300,3,1015,10750
22,37400,Petrol,97,1,0,1400,5,1110,16950
70,51874,Petrol,86,0,0,1300,4,1000,10950
65,58300,Petrol,86,1,0,1300,3,1015,9750
65,76155,Petrol,110,1,0,1600,4,1035,10990
78,97534,Petrol,110,1,0,1600,5,1070,10900
41,21651,Petrol,97,0,0,1400,3,1025,13950
80,66880,Petrol,110,1,0,1600,3,1055,9250
73,103121,Petrol,86,1,0,1300,5,1035,9950
20,29797,Petrol,97,1,0,1400,5,1110,17950
26,32181,Petrol,110,1,0,1600,5,1075,18950
35,41000,Petrol,110,1,0,1600,5,1075,15995
9,1,Petrol,110,1,0,1600,5,1075,20245
62,147636,Diesel,72,0,0,2000,5,1135,11500
19,13748,Petrol,97,1,0,1400,3,1100,18950
66,63328,Petrol,86,0,1,1300,5,1065,11750
27,34545,Petrol,110,1,0,1600,3,1120,19495
29,9750,Petrol,97,1,0,1400,3,1100,14950
52,66527,Petrol,110,1,0,1600,5,1080,15950
53,115113,Petrol,97,1,0,1400,3,1025,10950
76,59815,Petrol,110,1,0,1587,3,1055,9950
54,138394,Diesel,69,1,0,1900,4,1095,11450
56,48731,Petrol,110,1,0,1600,3,1055,12500
80,100123,Petrol,110,1,0,1600,3,1050,8490
77,80486,Petrol,110,1,0,1600,5,1070,9990
24,41711,Diesel,90,1,0,2000,3,1165,15950
48,78600,Petrol,110,1,0,1600,5,1075,11750
80,86109,Petrol,110,1,0,1600,3,1055,8750
77,82103,Petrol,86,1,0,1300,3,1015,8950
40,38653,Petrol,110,1,0,1600,5,1080,14950
59,43818,Petrol,110,0,0,1600,5,1070,11950
